{"train/loss": 0.141, "train/learning_rate": 0.0, "train/epoch": 2.0, "train/global_step": 5294, "_timestamp": 1726198933.0976787, "_runtime": 39041.63362264633, "_step": 5294, "train/train_runtime": 39139.5405, "train/train_samples_per_second": 17.308, "train/train_steps_per_second": 0.135, "train/total_flos": 482008371167232.0, "train/train_loss": 0.401137004466745, "_wandb": {"runtime": 39071}}