{"train/loss": 0.149, "train/learning_rate": 0.0, "train/epoch": 2.0, "train/global_step": 5294, "_timestamp": 1726778737.4369664, "_runtime": 39293.39205336571, "_step": 5294, "train/train_runtime": 39745.9911, "train/train_samples_per_second": 17.044, "train/train_steps_per_second": 0.133, "train/total_flos": 482008371167232.0, "train/train_loss": 0.40110737990276923, "_wandb": {"runtime": 39320}}